{"timestamps": [1480626420.984346], "initial_reset_timestamp": 1480626413.415484, "episode_types": ["t"], "episode_lengths": [1789], "episode_rewards": [3.0]}