{"timestamps": [1480877874.499266], "initial_reset_timestamp": 1480877873.341084, "episode_types": ["t"], "episode_lengths": [232], "episode_rewards": [1.0]}