{"timestamps": [1481001021.496582], "initial_reset_timestamp": 1481001017.244478, "episode_types": ["t"], "episode_lengths": [998], "episode_rewards": [3.0]}