{"timestamps": [1480873396.392541], "initial_reset_timestamp": 1480873389.445394, "episode_types": ["t"], "episode_lengths": [1715], "episode_rewards": [3.0]}