{"timestamps": [1480626409.943059], "initial_reset_timestamp": 1480626407.217978, "episode_types": ["t"], "episode_lengths": [589], "episode_rewards": [3.0]}