{"timestamps": [1480877872.028899], "initial_reset_timestamp": 1480877871.027654, "episode_types": ["t"], "episode_lengths": [274], "episode_rewards": [2.0]}