{"timestamps": [1480873383.955792], "initial_reset_timestamp": 1480873376.824536, "episode_types": ["t"], "episode_lengths": [1740], "episode_rewards": [13.0]}