{"timestamps": [1481001014.347212], "initial_reset_timestamp": 1481001010.362754, "episode_types": ["t"], "episode_lengths": [924], "episode_rewards": [8.0]}