{"timestamps": [1479774581.737283], "initial_reset_timestamp": 1479774580.336844, "episode_types": ["t"], "episode_lengths": [375], "episode_rewards": [4.0]}