{"timestamps": [1479762753.814312], "initial_reset_timestamp": 1479762750.862042, "episode_types": ["t"], "episode_lengths": [213], "episode_rewards": [1.0]}