{"timestamps": [1479774582.621838], "initial_reset_timestamp": 1479774581.784512, "episode_types": ["t"], "episode_lengths": [164], "episode_rewards": [0.0]}