{"timestamps": [1480873375.382995], "initial_reset_timestamp": 1480873369.323605, "episode_types": ["t"], "episode_lengths": [1156], "episode_rewards": [13.0]}