{"timestamps": [1481001005.821162], "initial_reset_timestamp": 1481000995.941312, "episode_types": ["t"], "episode_lengths": [1618], "episode_rewards": [7.0]}