{"timestamps": [1480626398.434043], "initial_reset_timestamp": 1480626393.773779, "episode_types": ["t"], "episode_lengths": [762], "episode_rewards": [3.0]}