{"timestamps": [1481001017.141756], "initial_reset_timestamp": 1481001014.429318, "episode_types": ["t"], "episode_lengths": [601], "episode_rewards": [6.0]}