{"timestamps": [1480626413.382562], "initial_reset_timestamp": 1480626409.973836, "episode_types": ["t"], "episode_lengths": [661], "episode_rewards": [3.0]}