{"timestamps": [1480873389.325391], "initial_reset_timestamp": 1480873384.064194, "episode_types": ["t"], "episode_lengths": [1263], "episode_rewards": [6.0]}