{"timestamps": [1480877873.250241], "initial_reset_timestamp": 1480877872.135874, "episode_types": ["t"], "episode_lengths": [204], "episode_rewards": [1.0]}