{"timestamps": [1480624904.170367], "initial_reset_timestamp": 1480624895.13392, "episode_types": ["t"], "episode_lengths": [200], "episode_rewards": [200.0]}