{"timestamps": [1479774580.304879], "initial_reset_timestamp": 1479774578.968699, "episode_types": ["t"], "episode_lengths": [399], "episode_rewards": [4.0]}