{"timestamps": [1479762755.322124], "initial_reset_timestamp": 1479762754.736656, "episode_types": ["t"], "episode_lengths": [159], "episode_rewards": [0.0]}