{"timestamps": [1480618911.135573], "initial_reset_timestamp": 1480618890.875101, "episode_types": ["t"], "episode_lengths": [200], "episode_rewards": [200.0]}