{"timestamps": [1480618977.358857], "initial_reset_timestamp": 1480618971.110153, "episode_types": ["t"], "episode_lengths": [200], "episode_rewards": [200.0]}