{"timestamps": [1479762754.683636], "initial_reset_timestamp": 1479762753.887473, "episode_types": ["t"], "episode_lengths": [224], "episode_rewards": [1.0]}