{"timestamps": [1480618918.108849], "initial_reset_timestamp": 1480618911.29989, "episode_types": ["t"], "episode_lengths": [200], "episode_rewards": [200.0]}