{"timestamps": [1480618981.667344], "initial_reset_timestamp": 1480618977.465128, "episode_types": ["t"], "episode_lengths": [200], "episode_rewards": [200.0]}