{"timestamps": [1480626407.183696], "initial_reset_timestamp": 1480626398.503086, "episode_types": ["t"], "episode_lengths": [2041], "episode_rewards": [5.0]}