{"timestamps": [1481001010.257456], "initial_reset_timestamp": 1481001005.964515, "episode_types": ["t"], "episode_lengths": [1025], "episode_rewards": [8.0]}