{"timestamps": [1480877870.938897], "initial_reset_timestamp": 1480877869.941818, "episode_types": ["t"], "episode_lengths": [226], "episode_rewards": [1.0]}