{"timestamps": [1480624894.936868], "initial_reset_timestamp": 1480624882.694518, "episode_types": ["t"], "episode_lengths": [200], "episode_rewards": [200.0]}